expr_hash,rank_equivalence_hash,expr,canonical,template_name,template_family,template_order,fields,operators,windows,depth,nodes,priority_score,status,direction,coverage,usable_days,turnover_proxy,sign_consistent,ic_mode,discovery_n_days,discovery_mean_rank_ic,discovery_rank_ic_std,discovery_rank_icir,discovery_positive_ratio,discovery_nw_tstat,discovery_ci_low,discovery_ci_high,validation_n_days,validation_mean_rank_ic,validation_rank_ic_std,validation_rank_icir,validation_positive_ratio,validation_nw_tstat,validation_ci_low,validation_ci_high,error,evaluation_stage,fine_evaluated,medium_us_overnight_ic,medium_us_day_ic,medium_us_evening_ic,medium_asset_positive_share,medium_session_positive_share,medium_session_worst_ic,medium_half_positive_share,medium_half_worst_ic,discovery_net_mean,discovery_net_sharpe,discovery_net_total_return,validation_net_mean,validation_net_sharpe,validation_net_total_return,strategy_turnover,horizon_worst_validation_ic,horizon_mean_validation_ic,horizon_positive_share,validation_us_overnight_mean,validation_us_overnight_sharpe,validation_us_overnight_total_return,validation_us_day_mean,validation_us_day_sharpe,validation_us_day_total_return,validation_us_evening_mean,validation_us_evening_sharpe,validation_us_evening_total_return,validation_worst_session_sharpe,eligible,validation_edge_rank,validation_ir_rank,validation_hit_rank,discovery_edge_rank,sign_consistency_rank,coverage_rank,turnover_rank,complexity_rank,validation_sharpe_rank,discovery_sharpe_rank,horizon_robustness_rank,research_score
908f18d0a7584db9daca65e29a1c63ee0ac07014f23144b75bd335751090862e,908f18d0a7584db9daca65e29a1c63ee0ac07014f23144b75bd335751090862e,"TsZScore(TsDelta(TsCorr($ret_4h,$session_volatility_surprise,720),24),720)","TsZScore(TsDelta(TsCorr($ret_4h,$session_volatility_surprise,720),24),720)",session_adjusted_price_flow,time_series_formula,2,ret_4h|session_volatility_surprise,TsZScore|TsDelta|TsCorr,720|24|720,4,5,8.5,OK,-1,0.9612492973580663,27361,0.13151308709657483,True,per_asset_time_pearson,97,0.05624736680437245,0.07400097922644348,0.7600894933059621,0.7422680412371134,7.614343660845245,0.04355932604628687,0.07121995824155845,65,0.06673120383035232,0.10585420892246113,0.630406712304027,0.7692307692307693,5.571311549100561,0.03690538137371367,0.0851677707424479,,fine,True,0.07334637392873036,0.020854556742900505,0.019037868527280274,1.0,1.0,0.019037868527280274,1.0,0.025095690393454762,1.9451595286227552e-05,0.6754730667529422,0.29531221474461433,4.476193709549519e-05,1.3536360180932334,0.5468954979772713,0.03560414953962034,0.019660041717682042,0.03958180055697786,1.0,0.00010437251449016984,2.129859925717201,0.4435474938863655,9.410288501640855e-05,1.559316814746949,0.3815661668278447,-6.414329266867559e-05,-1.0417091207863802,-0.22436355145676623,-1.0417091207863802,True,0.999166638887963,0.8146543102873525,0.8684456148538284,0.9975666666666667,0.74335,0.009866666666666666,0.9474590869939707,0.78695,0.9776055124892334,0.9879414298018949,0.9621016365202412,0.9158223292616323
90f8fe34b6aa3dde7ac587ac2e5e35093cc165585e7f76e30af420542f10a956,90f8fe34b6aa3dde7ac587ac2e5e35093cc165585e7f76e30af420542f10a956,"TsZScore(TsDelta(TsCorr($ret_24h,$session_volatility_surprise,720),12),720)","TsZScore(TsDelta(TsCorr($ret_24h,$session_volatility_surprise,720),12),720)",session_adjusted_price_flow,time_series_formula,2,ret_24h|session_volatility_surprise,TsZScore|TsDelta|TsCorr,720|12|720,4,5,8.5,OK,-1,0.9616708825182687,27373,0.15527400172188902,True,per_asset_time_pearson,98,0.04343731897877795,0.07030441641076896,0.6178462349361653,0.7653061224489796,5.661236845486614,0.02867866767314351,0.060544239320233166,65,0.05923204140091594,0.1072936739038675,0.5520553006134024,0.7692307692307693,4.277329676947458,0.024187925966480492,0.07860021934874674,,fine,True,0.0776829206741239,0.021192108244385915,0.0285084745744789,1.0,1.0,0.021192108244385915,1.0,0.03354507250148795,5.437828165448578e-06,0.22019395786077217,0.04638443958154892,4.956666085353786e-05,1.5973170419725355,0.6405866994820739,0.042134720797284135,0.020654150454327697,0.0415075141135188,1.0,7.075372755092806e-05,1.4689780134046515,0.27788217307302543,0.0001055507809903624,1.8888098420707724,0.44431037883571345,-2.757751190390361e-05,-0.48597513274156384,-0.11111036393119855,-0.48597513274156384,True,0.9983332777759258,0.7844856323754917,0.8684456148538284,0.9959666666666667,0.74335,0.0171,0.9121447028423773,0.78695,0.9896640826873385,0.937984496124031,0.9732988802756245,0.9112998023889664
6a006820d6e191048c19a01a8e7b88c21d1b3de7c6d0e466c618a40493acef99,6a006820d6e191048c19a01a8e7b88c21d1b3de7c6d0e466c618a40493acef99,"TsZScore(TsDelta(TsCorr($ret_24h,$realized_vol_24h,720),12),720)","TsZScore(TsDelta(TsCorr($ret_24h,$realized_vol_24h,720),12),720)",correlation_regime,time_series_formula,2,ret_24h|realized_vol_24h,TsZScore|TsDelta|TsCorr,720|12|720,4,5,4.0,OK,-1,0.9616708825182687,27373,0.0929225455364186,True,per_asset_time_pearson,98,0.04002460827221715,0.08195133368861922,0.4883948371638943,0.7244897959183674,4.970936837357939,0.0243608122417614,0.05257093882719001,65,0.045892315655725505,0.11299905086991519,0.40613009846035664,0.6307692307692307,3.5130735187103204,0.02300995070015718,0.0628070894643858,,fine,True,0.08076335252758672,0.02473856567845115,0.020748819806838553,1.0,1.0,0.020748819806838553,1.0,0.030717872632030758,1.701826750122648e-05,0.6324464577005605,0.2543515949297357,6.561742315293047e-05,2.0545933008802515,0.9496651727547887,0.03144476455807901,0.023763668714953137,0.039562238931101446,1.0,8.937056085440026e-05,1.8035022666400407,0.366445700306522,0.00011929009464663645,2.0380283756298687,0.5159414055825855,-1.1780597262542848e-05,-0.20524015758363387,-0.05879280109874041,-0.20524015758363387,True,0.9968665622187406,0.7196479765317688,0.6662388746291543,0.9954333333333333,0.74335,0.0171,0.9896640826873385,0.78695,1.0,0.9844961240310077,0.9896640826873385,0.9074953479739266
fd8818bd4556027d7ee68dd70e02a4b90108ebb7dc8023ce8b7d1e2eb001e9e7,fd8818bd4556027d7ee68dd70e02a4b90108ebb7dc8023ce8b7d1e2eb001e9e7,"TsZScore(TsDelta(TsCorr($ret_24h,$realized_vol_24h,720),6),720)","TsZScore(TsDelta(TsCorr($ret_24h,$realized_vol_24h,720),6),720)",correlation_regime,time_series_formula,2,ret_24h|realized_vol_24h,TsZScore|TsDelta|TsCorr,720|6|720,4,5,4.0,OK,-1,0.9618816750983699,27379,0.11992474764498254,True,per_asset_time_pearson,98,0.03973841336333529,0.07761451570413504,0.5119971825221112,0.7040816326530612,5.13263346908829,0.026147460822873975,0.05316266843956012,65,0.04709672917512545,0.1129176093863224,0.41708932230396856,0.6153846153846154,3.204376968638988,0.023035681836975713,0.06491118650110618,,fine,True,0.07656404960225273,0.016054747051697668,0.045573303208958395,1.0,1.0,0.016054747051697668,1.0,0.030286009403489685,1.3160081358556268e-05,0.5116113209579798,0.18300914608461194,5.6971781565368875e-05,1.8364661644045284,0.7788839903522287,0.038411023869254296,0.02291531994560736,0.04445686912951208,1.0,8.267453084889417e-05,1.6414691876637846,0.33301782075693276,9.497145141383659e-05,1.7616378410452826,0.39135432095798084,-6.706082453079576e-06,-0.1182502392056127,-0.040877829399327936,-0.1182502392056127,True,0.9970665688856295,0.7247816521101407,0.6637054568485616,0.9952666666666666,0.74335,0.0247,0.9681309216192937,0.78695,0.9982773471145564,0.9715762273901809,0.9862187769164513,0.9052901821374356
7c0b064a93018388af8d50e2022abc5ac02ab896a565d7daaa9569fd2c1e0159,7c0b064a93018388af8d50e2022abc5ac02ab896a565d7daaa9569fd2c1e0159,"TsZScore(TsDelta(TsCorr($ret_4h,$session_volume_surprise,720),24),720)","TsZScore(TsDelta(TsCorr($ret_4h,$session_volume_surprise,720),24),720)",session_adjusted_price_flow,time_series_formula,2,ret_4h|session_volume_surprise,TsZScore|TsDelta|TsCorr,720|24|720,4,5,8.5,OK,-1,0.9612492973580663,27361,0.12582645153290195,True,per_asset_time_pearson,97,0.05999346700636296,0.07414888739028569,0.8090946353730826,0.8041237113402062,7.732379598848702,0.04630140618145308,0.07498289623892515,65,0.06790372125095247,0.10107869256177077,0.6717906566654039,0.7384615384615385,6.285075180382903,0.04156051005394406,0.08578716680510355,,fine,True,0.06970892474173121,0.013387403154444923,0.017323821274182066,1.0,1.0,0.013387403154444923,1.0,0.02269436814289341,1.9849971175616e-05,0.6886704900845249,0.3036308362980771,2.5622024361381706e-05,0.7521816673858873,0.25118250176000045,0.03885973234114523,0.017003503807001278,0.03793911937308848,1.0,8.058857719575186e-05,1.5077783633059887,0.3206875794126445,6.445963410184468e-05,1.0322743313075209,0.23855969072521765,-6.814127836302317e-05,-1.1229491886809901,-0.23510182125891632,-1.1229491886809901,True,0.9993666455548518,0.8294219614640976,0.7733424447481583,0.998,0.74335,0.009866666666666666,0.9534883720930233,0.78695,0.9207579672695951,0.9888027562446167,0.917312661498708,0.8955209234596379
c68a79ed181205da62a7add4067c859f6856dd6297f4f439d0d7c9a9a7ad7e56,c68a79ed181205da62a7add4067c859f6856dd6297f4f439d0d7c9a9a7ad7e56,"TsZScore(TsDelta(TsCorr($ret_24h,$realized_vol_24h,720),3),720)","TsZScore(TsDelta(TsCorr($ret_24h,$realized_vol_24h,720),3),720)",correlation_regime,time_series_formula,2,ret_24h|realized_vol_24h,TsZScore|TsDelta|TsCorr,720|3|720,4,5,3.5,OK,-1,0.9619870713884204,27382,0.1566737416799097,True,per_asset_time_pearson,98,0.037699980114302756,0.07277548547502201,0.5180313105192839,0.6938775510204082,5.295216596588037,0.02543587043534422,0.05017529199104736,65,0.04254336529961667,0.11202693159326178,0.3797601585133086,0.6153846153846154,2.9939655611282006,0.01699311068043153,0.06048058448075401,,fine,True,0.07417585743774759,0.00107565173396403,0.05774854027987423,1.0,1.0,0.00107565173396403,1.0,0.026066318463506554,9.223241474229287e-06,0.36645640113609207,0.1114486608015921,4.487475520306762e-05,1.4797872386320128,0.5619435421460606,0.04415988772078494,0.020632696293717844,0.04419630140832483,1.0,8.206571930864472e-05,1.6582922380230596,0.3306966375947067,8.282629968704818e-05,1.615178448186903,0.3331398319660206,-3.0236901018268347e-05,-0.5349597760712265,-0.11953809968487517,-0.5349597760712265,True,0.9965332177739258,0.7080472031468764,0.6637054568485616,0.9948666666666667,0.74335,0.0319,0.9086993970714901,0.78695,0.9827734711455641,0.954349698535745,0.9724375538329026,0.895128693124145
a3289345ad971b833ca16881c31d26e54997338b5c9a4b69bfa15b38b905da3f,a3289345ad971b833ca16881c31d26e54997338b5c9a4b69bfa15b38b905da3f,"TsZScore(TsDelta(TsCorr($session_cumulative_return,$session_volatility_surprise,720),24),720)","TsZScore(TsDelta(TsCorr($session_cumulative_return,$session_volatility_surprise,720),24),720)",correlation_regime,time_series_formula,2,session_cumulative_return|session_volatility_surprise,TsZScore|TsDelta|TsCorr,720|24|720,4,5,5.5,OK,-1,0.9612492973580663,27361,0.12882319864980293,True,per_asset_time_pearson,97,0.05606434216182424,0.0761442613477613,0.7362911028287568,0.7731958762886598,6.817289878353795,0.03848525079485766,0.07236306666161825,65,0.05875166780484149,0.10022424492146999,0.5862021494986164,0.7076923076923077,5.53396747172279,0.035353793508985674,0.0745069161610398,,fine,True,0.06226455109974496,0.012139655951698136,0.020013537719158665,1.0,1.0,0.012139655951698136,1.0,0.017642429862440714,1.8364083225918703e-05,0.6539124876873863,0.2761459884869477,2.8554014013492696e-05,0.8753710458103198,0.29781855927523915,0.03515631141025922,0.016421884407604313,0.0317190911025172,1.0,8.139242938890342e-05,1.6708809015125332,0.32795092315868457,7.635757435275457e-05,1.3064443397118728,0.2966930622604427,-7.204580833916671e-05,-1.1715665248238305,-0.24630650317498437,-1.1715665248238305,True,0.9982332744424814,0.7985865724381626,0.7728924297476583,0.9975,0.74335,0.009866666666666666,0.9509043927648578,0.78695,0.9328165374677002,0.9862187769164513,0.9018087855297158,0.8923557396964409
b73d09ce90a5bc3f0b50fcbb0f6417b5343b0e6e029a42432fbb75f7251f538c,b73d09ce90a5bc3f0b50fcbb0f6417b5343b0e6e029a42432fbb75f7251f538c,"TsZScore(TsDelta(TsCorr($ret_4h,$liquidity_efficiency,720),24),720)","TsZScore(TsDelta(TsCorr($ret_4h,$liquidity_efficiency,720),24),720)",liquidity_efficiency,time_series_formula,2,ret_4h|liquidity_efficiency,TsZScore|TsDelta|TsCorr,720|24|720,4,5,8.5,OK,-1,0.9612492973580663,27361,0.15372934213692624,True,per_asset_time_pearson,97,0.0650757931407659,0.07433776333389844,0.8754069294292445,0.8041237113402062,9.016516298044882,0.05132700806355292,0.07894345072102671,65,0.05729484401115036,0.0980975288475879,0.5840600133788098,0.7076923076923077,5.010048966654445,0.03444151248370428,0.07693620212081258,,fine,True,0.06661201281664413,0.016212985385342098,0.025537779088295492,1.0,1.0,0.016212985385342098,1.0,0.024107800956348804,2.7899568560701868e-05,0.973125511967817,0.48795483034035914,2.1762669201398566e-05,0.6478948556302466,0.2012759817144587,0.038117596790184005,0.01831885806152462,0.03861279451172391,1.0,6.861080976762354e-05,1.3521251406847272,0.26623236545542794,5.5077290041952656e-05,0.9111069131094858,0.198522655157632,-5.8365208683827916e-05,-0.9320120442896358,-0.20844128269471407,-0.9320120442896358,True,0.9980999366645554,0.7979198613240883,0.7728924297476583,0.9985333333333334,0.74335,0.009866666666666666,0.9147286821705426,0.78695,0.9009474590869939,0.9974160206718347,0.9448751076658053,0.8919478342809591
d06ab7f63133c543138a316c00bfb9f73157d7b427fa239dbf47723257e4943a,d06ab7f63133c543138a316c00bfb9f73157d7b427fa239dbf47723257e4943a,"TsZScore(TsDelta(TsCorr($ret_24h,$session_volume_surprise,720),12),720)","TsZScore(TsDelta(TsCorr($ret_24h,$session_volume_surprise,720),12),720)",session_adjusted_price_flow,time_series_formula,2,ret_24h|session_volume_surprise,TsZScore|TsDelta|TsCorr,720|12|720,4,5,8.5,OK,-1,0.9616708825182687,27373,0.13583056054691311,True,per_asset_time_pearson,98,0.0431983911925044,0.06924431402094929,0.6238547063869401,0.7448979591836735,5.6497663887665075,0.03103281674486777,0.06063529279400473,65,0.05551673801852492,0.10112669774249305,0.5489820122465741,0.7384615384615385,5.159731720227472,0.02840646650506649,0.07354654251005531,,fine,True,0.06568051647634207,0.016603568487682383,0.015487742877682412,1.0,1.0,0.015487742877682412,1.0,0.02373601795535094,6.102532529794428e-06,0.24287085174371392,0.0562172007644659,2.4476874964648766e-05,0.7747196938508053,0.24530999080184746,0.04218940006392218,0.016205777610303746,0.03491588938341455,1.0,5.887832514008353e-05,1.1529732819455665,0.22195915639474828,4.6294882778347385e-05,0.8092725455763681,0.1631767479920212,-3.1717694008235085e-05,-0.5694960037959412,-0.12385684899347194,-0.5694960037959412,True,0.9978665955531851,0.7831522101473432,0.7733424447481583,0.9959,0.74335,0.0171,0.9405684754521964,0.78695,0.9233419465977606,0.9431524547803618,0.892334194659776,0.8835258239122078
4147adc1e75457f0d987675abd3e65d6b5dbdbb16c2d0ff837bb7fd61aece1f5,4147adc1e75457f0d987675abd3e65d6b5dbdbb16c2d0ff837bb7fd61aece1f5,"TsZScore(TsDelta(TsCorr($ret_1h,$session_volatility_surprise,720),24),720)","TsZScore(TsDelta(TsCorr($ret_1h,$session_volatility_surprise,720),24),720)",session_adjusted_price_flow,time_series_formula,2,ret_1h|session_volatility_surprise,TsZScore|TsDelta|TsCorr,720|24|720,4,5,8.5,OK,-1,0.9612492973580663,27361,0.161184326670294,True,per_asset_time_pearson,97,0.04917861295781403,0.08460113028783099,0.5812997153879382,0.711340206185567,5.176104024102317,0.02937489836321328,0.06762448348661404,65,0.05065254684846208,0.10682464248056975,0.4741653767544809,0.7076923076923077,4.08974227144799,0.021615638212470638,0.07088329955188247,,fine,True,0.0614310609883477,0.005936220229591314,0.03816486152388696,1.0,1.0,0.005936220229591314,1.0,0.012476334838457647,1.5196634732700858e-05,0.5507218859180624,0.21414906175891546,1.6080519935535813e-05,0.5118324118450117,0.136851547674383,0.03869727705265838,0.01829067334500756,0.037453188266921844,1.0,7.525444588380614e-05,1.495642782977229,0.297538635242766,8.19521065581142e-05,1.5078361485901974,0.3266354541842049,-0.00010891439679941095,-1.8707296575727674,-0.33956229497033596,-1.8707296575727674,True,0.9974999166638888,0.7506833788919262,0.7728924297476583,0.9968333333333333,0.74335,0.009866666666666666,0.9018087855297158,0.78695,0.8733850129198967,0.9767441860465116,0.9431524547803618,0.8794567402300307
97ce508cd7478635b1cd25605e9a33aa2fbd5a27cd44d4e652d4caea27f6ead3,97ce508cd7478635b1cd25605e9a33aa2fbd5a27cd44d4e652d4caea27f6ead3,"TsZScore(TsDelta(TsCorr($oc_ret,$session_volatility_surprise,720),24),720)","TsZScore(TsDelta(TsCorr($oc_ret,$session_volatility_surprise,720),24),720)",session_adjusted_price_flow,time_series_formula,2,oc_ret|session_volatility_surprise,TsZScore|TsDelta|TsCorr,720|24|720,4,5,8.5,OK,-1,0.9612492973580663,27361,0.1611874441768532,True,per_asset_time_pearson,97,0.04914179729738534,0.08460734674181834,0.5808218693743333,0.711340206185567,5.17541538330469,0.029365933304730293,0.06759443589101173,65,0.05065092479040108,0.10678141632352743,0.4743421330631014,0.7076923076923077,4.091348182628847,0.021625977278350587,0.07088859768609496,,fine,True,0.06147581852472239,0.005927859707324817,0.038126664809635814,1.0,1.0,0.005927859707324817,1.0,0.012464887538546856,1.5152832187392454e-05,0.5490577358902923,0.21326135688851933,1.6061783810755816e-05,0.5111586403685877,0.13660177549904806,0.03869731667019171,0.018290640666244945,0.03746312473097638,1.0,7.537588995946522e-05,1.4980080480513436,0.2981110524771504,8.191683789264991e-05,1.507168756920281,0.3264646725529674,-0.00010905670812367101,-1.872500498313121,-0.33991358545431705,-1.872500498313121,True,0.9974665822194073,0.7507833855590372,0.7728924297476583,0.9968,0.74335,0.009866666666666666,0.9009474590869939,0.78695,0.8725236864771748,0.9758828596037898,0.94229112833764,0.8790554398948713
ca02bc6a27904793f8178653ff330e3917d07263de3b6328ab05d74e1feaccfc,ca02bc6a27904793f8178653ff330e3917d07263de3b6328ab05d74e1feaccfc,"TsZScore(TsDelta(TsCorr($session_cumulative_return,$session_volume_surprise,720),24),720)","TsZScore(TsDelta(TsCorr($session_cumulative_return,$session_volume_surprise,720),24),720)",correlation_regime,time_series_formula,2,session_cumulative_return|session_volume_surprise,TsZScore|TsDelta|TsCorr,720|24|720,4,5,5.5,OK,-1,0.9612492973580663,27361,0.12108567440906678,True,per_asset_time_pearson,97,0.05700892572654851,0.07430960881521298,0.7671810770571221,0.7731958762886598,7.203081300995945,0.04105594802453536,0.07485492755967023,65,0.06256859536172835,0.10015890070271954,0.62469331155538,0.7384615384615385,5.8969332811474064,0.03925520584326813,0.07738497520248849,,fine,True,0.05512256916324057,0.006889911849108081,0.021124541539689984,1.0,1.0,0.006889911849108081,1.0,0.016325850004503224,1.2842752509041531e-05,0.45869893111515997,0.1663811745487358,1.700343127333865e-05,0.5055904988212061,0.14038283236031535,0.037581942414543996,0.013847571834934453,0.031164370789665313,1.0,6.14949130657269e-05,1.1526450548483982,0.23210856905366395,5.560661349839691e-05,0.9194410967782582,0.20080209961233808,-6.605619123193825e-05,-1.0901633905756793,-0.22922032493664446,-1.0901633905756793,True,0.9986666222207407,0.8126208413894259,0.7733424447481583,0.9976666666666667,0.74335,0.009866666666666666,0.9638242894056848,0.78695,0.8708010335917312,0.967269595176572,0.8070628768303187,0.8665506859594722
6d5d72e623ee3f6bfb82a2dc9111a51f63db9b0b6589f79d3392855b57cf9775,6d5d72e623ee3f6bfb82a2dc9111a51f63db9b0b6589f79d3392855b57cf9775,"TsZScore(Sub(TsEMA($session_volatility_surprise,24),TsEMA($session_volatility_surprise,336)),336)","TsZScore(Sub(TsEMA($session_volatility_surprise,24),TsEMA($session_volatility_surprise,336)),336)",derivative_dynamics,time_series_formula,1,session_volatility_surprise|session_volatility_surprise,TsZScore|Sub|TsEMA|TsEMA,24|336|336,4,6,4.5,OK,1,0.9738968521641371,27721,0.14992904399544954,True,per_asset_time_pearson,100,0.01821060229722917,0.07646412510597558,0.23815877409164304,0.61,2.368021564394052,0.0024656935553169787,0.03259510539085151,65,0.015423393762108457,0.12622690854617494,0.12218784362025661,0.5846153846153846,0.8075428245689734,-0.012617537266762867,0.05308706206150946,,fine,True,0.05252169955312035,0.01379446154353159,0.02744430452454895,1.0,1.0,0.01379446154353159,1.0,0.027552184525764977,6.453014891533428e-06,0.19183989419212788,0.025267185123021285,2.4105493819635483e-05,0.6223148375256433,0.21044114554862503,0.03960793325487985,0.015527359298772742,0.030571913437679028,1.0,6.251476747507754e-05,1.101359329855645,0.2341864746247564,-3.3348841031301046e-05,-0.46637128414053675,-0.1380943520093757,4.3155873392625125e-05,0.6004113829129153,0.1378975663226627,-0.46637128414053675,True,0.9510317010567019,0.554236949129942,0.6573385779525984,0.9602333333333334,0.74335,0.06021666666666667,0.917312661498708,0.5235,0.8957795004306632,0.9345391903531438,0.880275624461671,0.8360069000569603
18cdb2896228c3d3f8280359f7a557c33a4187491822bc8fac96a4a54519f9ef,18cdb2896228c3d3f8280359f7a557c33a4187491822bc8fac96a4a54519f9ef,"TsZScore(TsDelta(TsCorr($ret_1h,$liquidity_efficiency,720),24),720)","TsZScore(TsDelta(TsCorr($ret_1h,$liquidity_efficiency,720),24),720)",liquidity_efficiency,time_series_formula,2,ret_1h|liquidity_efficiency,TsZScore|TsDelta|TsCorr,720|24|720,4,5,8.5,OK,-1,0.9612492973580663,27361,0.1592216053539294,True,per_asset_time_pearson,97,0.05664428765596663,0.07828706563600864,0.7235459292768884,0.7525773195876289,7.303623420574545,0.03965087981738456,0.0720937478313097,65,0.05375938822790792,0.09565785845410289,0.5619965687785279,0.7076923076923077,5.366717510880597,0.029941708598885397,0.07405556618451263,,fine,True,0.06195341609376057,0.0016355725717891948,0.040027640230262666,0.9166666666666666,1.0,0.0016355725717891948,1.0,0.009403944743015199,1.3362265379917003e-05,0.4667070399008197,0.1733126140540735,5.113386880222091e-06,0.15248923886456253,0.0018233910361840078,0.04042882464602506,0.017512073286227187,0.03727848622655574,1.0,6.387829468497027e-05,1.1767649711081374,0.24218634127602212,4.4168410813972644e-05,0.7680162511225928,0.15399881293245588,-9.266353886005e-05,-1.491321712527363,-0.30112572306234153,-1.491321712527363,True,0.9976999233307777,0.7883525568371225,0.7728924297476583,0.9976333333333334,0.74335,0.009866666666666666,0.905254091300603,0.78695,0.710594315245478,0.9681309216192937,0.9310938845822567,0.8338680043340106
536f00a6ed957043d5b1ee8fc38dff2fa212c3567b9042528b6b3523e0a1f7d9,536f00a6ed957043d5b1ee8fc38dff2fa212c3567b9042528b6b3523e0a1f7d9,"TsZScore(TsCorr($session_volatility_surprise,$us_overnight_flag,72),72)","TsZScore(TsCorr($session_volatility_surprise,$us_overnight_flag,72),72)",session_state,time_series_formula,2,session_volatility_surprise|us_overnight_flag,TsZScore|TsCorr,72|72,3,4,3.5,OK,-1,0.9890739179314222,28153,0.15505015338128605,True,per_asset_time_pearson,102,0.017268474136125433,0.093493606354261,0.18470219311781225,0.5882352941176471,2.225076343536423,0.0018251353439849834,0.031979021757736974,65,0.02283068254011841,0.08567766698455448,0.26647180465633136,0.6307692307692307,2.4580811416221837,0.004732243287761256,0.04250079149197985,,fine,True,0.021344672082585794,0.01641577961614662,0.04261009202797255,0.9166666666666666,1.0,0.01641577961614662,1.0,0.01683080677623414,4.10287386358891e-06,0.14423535878203622,0.009552296564499185,3.233416272593328e-05,1.0416626531350928,0.359345141032418,0.04804369699598222,0.011340208610473976,0.026440040076716104,1.0,6.593463320929871e-05,1.5023186008232827,0.25822912943506027,-2.9149939744590696e-05,-0.44430930394796914,-0.121050469138821,6.0219364841764195e-05,1.2192977058064591,0.2291533385958815,-0.44430930394796914,True,0.9856328544284809,0.6483098873258217,0.6662388746291543,0.9523,0.74335,0.3777,0.9130060292850991,0.9225833333333333,0.9552110249784669,0.9250645994832042,0.6554694229112834,0.8289832829974354
ca15d8e7d690c191a3ea6a4dc71695229d1b628d4e4eaa97307c01ad079e9807,ca15d8e7d690c191a3ea6a4dc71695229d1b628d4e4eaa97307c01ad079e9807,"Mul(TsZScore(TsEMA($volatility_term_slope,24),720),TsZScore(TsEMA($session_volatility_surprise,24),720))","Mul(TsZScore(TsEMA($session_volatility_surprise,24),720),TsZScore(TsEMA($volatility_term_slope,24),720))",cross_scale_regime,time_series_formula,2,volatility_term_slope|session_volatility_surprise,Mul|TsZScore|TsEMA|TsZScore|TsEMA,24|720|24|720,4,7,4.5,OK,1,0.9747400224845418,27745,0.20741031063830065,True,per_asset_time_pearson,100,0.023396922620341397,0.07244595448163291,0.3229569240650032,0.62,3.165902863493075,0.00575424277804162,0.03522697083312601,65,0.028569707801064426,0.11579975584617255,0.24671647701067861,0.6307692307692307,1.5862844119562098,-0.00559960612686387,0.06012149350942519,,fine,True,0.09154974683145552,-0.0003377466200485748,0.05838979969629191,0.9166666666666666,0.6666666666666666,-0.0003377466200485748,1.0,0.05065333910841913,4.86117407703238e-06,0.21326145372154715,0.04424809239943772,1.2757588821071396e-05,0.42056041355796964,0.09969880563782985,0.06158794414617936,0.025480017773540878,0.05154999772707844,1.0,2.713043952330259e-05,0.5602461683644375,0.09014111595720631,5.058450472139736e-05,1.013114957874307,0.18639815679232385,-3.942389362402768e-05,-0.6719835732023905,-0.14972272857576652,-0.6719835732023905,True,0.9919997333244441,0.6360090672711514,0.6662388746291543,0.9848,0.74335,0.12831666666666666,0.8156761412575366,0.31178333333333336,0.843238587424634,0.9354005167958657,0.9922480620155039,0.8047972139970474
e75815d8f42371752b25c6fa3c43797dc144af51be2108803b86f4103b6e1eac,e75815d8f42371752b25c6fa3c43797dc144af51be2108803b86f4103b6e1eac,"TsZScore(Sub(TsEMA($session_volatility_surprise,12),TsEMA($session_volatility_surprise,336)),336)","TsZScore(Sub(TsEMA($session_volatility_surprise,12),TsEMA($session_volatility_surprise,336)),336)",derivative_dynamics,time_series_formula,1,session_volatility_surprise|session_volatility_surprise,TsZScore|Sub|TsEMA|TsEMA,12|336|336,4,6,4.5,OK,1,0.9738968521641371,27721,0.2193414929569482,True,per_asset_time_pearson,100,0.0205221011490628,0.07298298010603346,0.2811902325617182,0.61,2.8264871702600973,0.00881896835970838,0.033177242226359496,65,0.018135298217206344,0.11836374409828418,0.1532166657565983,0.49230769230769234,1.0045748773170107,-0.008487947199115964,0.05196319985936856,,fine,True,0.05473840355594684,0.0021913335991051285,0.035704111847289784,1.0,1.0,0.0021913335991051285,1.0,0.028976702439808297,5.418042817563275e-06,0.17532873365119578,0.020840609911574548,1.2283065820222114e-05,0.33426103613708114,0.0714849287177961,0.05389578582064081,0.01455713975742296,0.02937068652225036,1.0,4.786363369924233e-05,0.8688120125762313,0.17126657969599846,-3.8407787637445764e-05,-0.5842318412288371,-0.1502542621282691,2.7398973558249145e-05,0.3957045995733363,0.07656763706207048,-0.5842318412288371,True,0.971065702190073,0.5742382825521701,0.42751425047501584,0.9748333333333333,0.74335,0.06021666666666667,0.7906976744186046,0.5235,0.8165374677002584,0.9302325581395349,0.8372093023255814,0.8045638121893494
aa53c4da8642b40c14518d9036cce43d8893d4250099a34172f456d84e53030e,aa53c4da8642b40c14518d9036cce43d8893d4250099a34172f456d84e53030e,"TsZScore(Sub(TsCorr($ret_4h,$session_illiquidity_surprise,24),TsCorr($ret_4h,$session_illiquidity_surprise,72)),72)","TsZScore(Sub(TsCorr($ret_4h,$session_illiquidity_surprise,24),TsCorr($ret_4h,$session_illiquidity_surprise,72)),72)",correlation_regime,time_series_formula,2,ret_4h|session_illiquidity_surprise|ret_4h|session_illiquidity_surprise,TsZScore|Sub|TsCorr|TsCorr,24|72|72,4,8,2.5,OK,-1,0.9890387858347386,28152,0.2876987527907067,True,per_asset_time_pearson,102,0.01870744162776279,0.07255662784794314,0.2578322915856558,0.6470588235294118,2.718526256356298,0.004138132002941516,0.029765447991845436,65,0.023246316564750916,0.0881380690284686,0.2637488751567992,0.6,2.8507612513643434,0.011345247737513555,0.04134315544531675,,fine,True,0.024759395557098177,0.01307734624688931,0.0262756534861196,0.8333333333333334,1.0,0.01307734624688931,1.0,0.014390390898101332,4.625668927806614e-06,0.24198113891302644,0.053247933720187435,1.4501858143951717e-05,0.6463524428715831,0.14372566377429785,0.06756348803818148,0.0123955814226093,0.023600602930217335,1.0,1.0111269355344315e-05,0.29777878346250813,0.031142118594513324,5.399841130211643e-06,0.12629183877163683,0.009992733001668919,2.7989552330097338e-05,0.7111163131830193,0.09820923287223593,0.12629183877163683,True,0.986332877762592,0.6470431362090806,0.6607053568452281,0.9640666666666666,0.74335,0.3742,0.6597760551248923,0.22465,0.9000861326442722,0.94229112833764,0.7278208440999139,0.8002608409027336
d7d59064d01de84181bc2674d876609e8cdd69f6a15602f3d46d0c290cf8f324,d7d59064d01de84181bc2674d876609e8cdd69f6a15602f3d46d0c290cf8f324,"TsZScore(TsDelta(TsCorr($volatility_term_slope,$session_volume_surprise,720),24),720)","TsZScore(TsDelta(TsCorr($volatility_term_slope,$session_volume_surprise,720),24),720)",cross_scale_regime,time_series_formula,2,volatility_term_slope|session_volume_surprise,TsZScore|TsDelta|TsCorr,720|24|720,4,5,5.5,OK,1,0.9612492973580663,27361,0.15865057282491504,True,per_asset_time_pearson,97,0.02446536045373495,0.08063390461552784,0.30341282082752574,0.5876288659793815,2.706304528253379,0.006514006593447163,0.0404967903443796,65,0.01964670844215322,0.10800097964680484,0.18191231696604762,0.5538461538461539,1.6024110894494135,-0.004811829757767962,0.03550463718049567,,fine,True,0.04225879103494821,0.009461425918907992,0.011785115112369902,0.75,1.0,0.009461425918907992,1.0,0.016172672996903083,1.981121731286441e-05,0.8301481885140943,0.3273674596676812,3.570222521623032e-05,1.2849424927731616,0.4232529568578074,0.049118342259516834,0.010187332948055466,0.022278820441608702,1.0,2.6355601131532567e-05,0.6192420666193641,0.09012538943552584,8.585635653735507e-05,1.5625088507708524,0.3450901222814673,-5.096641294255495e-06,-0.11080050735468731,-0.02936877881899147,-0.11080050735468731,True,0.9780992699756659,0.5935395693046203,0.5483182772759092,0.9870333333333333,0.74335,0.009866666666666666,0.9078380706287683,0.78695,0.9732988802756245,0.9939707149009475,0.5633074935400517,0.7916290548998499
762b6d12b47c0b5fbc526eebdd63a9065b282e1486a313b13481bb5fbc6ae844,762b6d12b47c0b5fbc526eebdd63a9065b282e1486a313b13481bb5fbc6ae844,"TsZScore(TsDelta(TsCorr($vwap_bias,$trade_count_shock_24h,72),12),72)","TsZScore(TsDelta(TsCorr($vwap_bias,$trade_count_shock_24h,72),12),72)",liquidity_efficiency,time_series_formula,2,vwap_bias|trade_count_shock_24h,TsZScore|TsDelta|TsCorr,72|12|72,4,5,6.5,OK,1,0.99581928049466,28345,0.31069244364355525,True,per_asset_time_pearson,103,0.021287771584988898,0.07895646212336252,0.2696140507375904,0.5922330097087378,3.045120396341635,0.007547977978737446,0.03482405895585833,65,0.012728132455102337,0.09556214945319316,0.13319219511001731,0.5538461538461539,1.036472897275427,-0.009493290795546694,0.035304473908735465,,fine,True,0.00652582831619808,0.031021962952658716,0.029335770627326143,1.0,1.0,0.00652582831619808,1.0,0.01771320147168189,1.1933136247682638e-05,0.5207823696924675,0.18182095151773292,6.94437661535504e-06,0.25096235821817503,0.040069084664464905,0.07417620312556457,0.009736297796321,0.018303644021614066,1.0,2.159506901120681e-05,0.5315876318441645,0.07232167653981358,-4.407257774539611e-05,-0.9056521398193303,-0.15886668939586268,4.3304674402949004e-05,0.8082077547300299,0.15311406658846116,-0.9056521398193303,True,0.9110303676789226,0.5607707180478698,0.5483182772759092,0.9781666666666666,0.74335,0.5423833333333333,0.6149870801033591,0.78695,0.7691645133505599,0.9724375538329026,0.52885443583118,0.7618333469010172
